INSERT INTO "ОРГАНИЗАЦИЯ" ("ОГРН", "НАИМЕНОВАНИЕ_ОРГАНИЗАЦИИ", "ИНН", "КПП", "МЕСТО_НАХОЖДЕНИЯ", "ПОЧТОВЫЙ_АДРЕС") VALUES
(1027806868154, 'УНИВЕРСИТЕТ ИТМО', 7813045547, 781301001, 'г. Санкт-петербург Город, пр-кт Кронверкский, д. 49, литер а',
 '197101, г. Санкт-Петербург, Кронверкский проспект, д.49, лит. А.');S

INSERT INTO "СТАДИОН" (ID, "НАИМЕНОВАНИЕ_СТАДИОНА", "КОЛИЧЕСТВО_ПОЛЕЙ", "КОЛИЧЕСТВО_МЕСТ", "АДРЕС", "id_ОРГАНИЗАЦИИ") VALUES
(101, 'ул.Ломоносова, д.9, лит. М', 1, 2, 'ул.Ломоносова, д.9, лит. М', '1027806868154');

INSERT INTO "ТУРНИР" (id, "НАЗВАНИЕ", "ДАТА_НАЧАЛА", "ДАТА_КОНЦА", "ПРИЗОВОЙ_ФОНД", "УРОВЕНЬ_ТУРНИРА", "id_СТАДИОНА") VALUES
(200, 'Спартакида ИТМО по керлингу', '2022-12-23', '2022-12-30', 1000000, 'РЕГИОНАЛЬНЫЙ', 101);

INSERT INTO "ГРУППА"(id, "НОМЕР", "id_ТУРНИРА", "УРОВЕНЬ") VALUES (300, 1, 200, 'ОТБОРОЧНЫЙ');

INSERT INTO "МАТЧ"(ID, "ДАТА_ПРОВЕДЕНИЯ", "id_ГРУППЫ") VALUES (400, '2022-12-23', 300);
INSERT INTO "МАТЧ"(ID, "ДАТА_ПРОВЕДЕНИЯ", "id_ГРУППЫ") VALUES (401, '2022-12-24', 300);


INSERT INTO "КОМАНДА"(ID, "НАЗВАНИЕ", "ГОРОД", "ПОДТВЕРЖДЕНА") VALUES (500, 'Сборная ИТМО', 'Санкт-Петербург', true);
INSERT INTO "КОМАНДА"(ID, "НАЗВАНИЕ", "ГОРОД", "ПОДТВЕРЖДЕНА") VALUES (501, 'Сборная ИТМО 2', 'Санкт-Петербург', true);
INSERT INTO "КОМАНДА"(ID, "НАЗВАНИЕ", "ГОРОД", "ПОДТВЕРЖДЕНА") VALUES (502, 'Сборная ИТМО 3', 'Санкт-Петербург', true);
INSERT INTO "КОМАНДА"(ID, "НАЗВАНИЕ", "ГОРОД", "ПОДТВЕРЖДЕНА") VALUES (503, 'Сборная ИТМО 4', 'Санкт-Петербург', true);

INSERT INTO "УЧАСТНИК" (id, "id_КОМАНДА", "ИМЯ", "ВОЗРАСТ", "ИГРОВОЙ_НОМЕР", "РОЛЬ", "РЕГИОН") VALUES (600, 500, 'Иванов Иван Иванович', 20, 1, 'СПОРТСМЕН', 'Санкт-Петербург');
INSERT INTO "УЧАСТНИК" (id, "id_КОМАНДА", "ИМЯ", "ВОЗРАСТ", "ИГРОВОЙ_НОМЕР", "РОЛЬ", "РЕГИОН") VALUES (601, 500, 'Петров Петр Петрович', 20, 2, 'СПОРТСМЕН', 'Санкт-Петербург');
INSERT INTO "УЧАСТНИК" (id, "id_КОМАНДА", "ИМЯ", "ВОЗРАСТ", "ИГРОВОЙ_НОМЕР", "РОЛЬ", "РЕГИОН") VALUES (602, 500, 'Сидоров Сидор Сидорович', 20, 3, 'СПОРТСМЕН', 'Санкт-Петербург');
INSERT INTO "УЧАСТНИК" (id, "id_КОМАНДА", "ИМЯ", "ВОЗРАСТ", "ИГРОВОЙ_НОМЕР", "РОЛЬ", "РЕГИОН") VALUES (603, 500, 'Алексеев Алексей Алексеевич', 20, 4, 'СПОРТСМЕН', 'Санкт-Петербург');
INSERT INTO "УЧАСТНИК" (id, "id_КОМАНДА", "ИМЯ", "ВОЗРАСТ", "ИГРОВОЙ_НОМЕР", "РОЛЬ", "РЕГИОН") VALUES (604, 500, 'Александров Александр Александрович', 20, 5, 'СПОРТСМЕН', 'Санкт-Петербург');

INSERT INTO "УЧАСТНИК" (id, "id_КОМАНДА", "ИМЯ", "ВОЗРАСТ", "ИГРОВОЙ_НОМЕР", "РОЛЬ", "РЕГИОН") VALUES (605, 501, 'Александров Александр Александрович', 20, 1, 'СПОРТСМЕН', 'Санкт-Петербург');
INSERT INTO "УЧАСТНИК" (id, "id_КОМАНДА", "ИМЯ", "ВОЗРАСТ", "ИГРОВОЙ_НОМЕР", "РОЛЬ", "РЕГИОН") VALUES (606, 501, 'Алексеев Алексей Алексеевич', 20, 2, 'СПОРТСМЕН', 'Санкт-Петербург');
INSERT INTO "УЧАСТНИК" (id, "id_КОМАНДА", "ИМЯ", "ВОЗРАСТ", "ИГРОВОЙ_НОМЕР", "РОЛЬ", "РЕГИОН") VALUES (607, 501, 'Сидоров Сидор Сидорович', 20, 3, 'СПОРТСМЕН', 'Санкт-Петербург');
INSERT INTO "УЧАСТНИК" (id, "id_КОМАНДА", "ИМЯ", "ВОЗРАСТ", "ИГРОВОЙ_НОМЕР", "РОЛЬ", "РЕГИОН") VALUES (608, 501, 'Петров Петр Петрович', 20, 4, 'СПОРТСМЕН', 'Санкт-Петербург');
INSERT INTO "УЧАСТНИК" (id, "id_КОМАНДА", "ИМЯ", "ВОЗРАСТ", "ИГРОВОЙ_НОМЕР", "РОЛЬ", "РЕГИОН") VALUES (609, 501, 'Иванов Иван Иванович', 20, 5, 'СПОРТСМЕН', 'Санкт-Петербург');

INSERT INTO "УЧАСТНИК" (id, "id_КОМАНДА", "ИМЯ", "ВОЗРАСТ", "ИГРОВОЙ_НОМЕР", "РОЛЬ", "РЕГИОН") VALUES (610, 502, 'Иванов Иван Иванович', 20, 1, 'СПОРТСМЕН', 'Санкт-Петербург');
INSERT INTO "УЧАСТНИК" (id, "id_КОМАНДА", "ИМЯ", "ВОЗРАСТ", "ИГРОВОЙ_НОМЕР", "РОЛЬ", "РЕГИОН") VALUES (611, 502, 'Петров Петр Петрович', 20, 2, 'СПОРТСМЕН', 'Санкт-Петербург');
INSERT INTO "УЧАСТНИК" (id, "id_КОМАНДА", "ИМЯ", "ВОЗРАСТ", "ИГРОВОЙ_НОМЕР", "РОЛЬ", "РЕГИОН") VALUES (612, 502, 'Сидоров Сидор Сидорович', 20, 3, 'СПОРТСМЕН', 'Санкт-Петербург');
INSERT INTO "УЧАСТНИК" (id, "id_КОМАНДА", "ИМЯ", "ВОЗРАСТ", "ИГРОВОЙ_НОМЕР", "РОЛЬ", "РЕГИОН") VALUES (613, 502, 'Алексеев Алексей Алексеевич', 20, 4, 'СПОРТСМЕН', 'Санкт-Петербург');
INSERT INTO "УЧАСТНИК" (id, "id_КОМАНДА", "ИМЯ", "ВОЗРАСТ", "ИГРОВОЙ_НОМЕР", "РОЛЬ", "РЕГИОН") VALUES (614, 502, 'Александров Александр Александрович', 20, 5, 'СПОРТСМЕН', 'Санкт-Петербург');

INSERT INTO "УЧАСТНИК" (id, "id_КОМАНДА", "ИМЯ", "ВОЗРАСТ", "ИГРОВОЙ_НОМЕР", "РОЛЬ", "РЕГИОН") VALUES (615, 503, 'Александров Александр Александрович', 20, 1, 'СПОРТСМЕН', 'Санкт-Петербург');
INSERT INTO "УЧАСТНИК" (id, "id_КОМАНДА", "ИМЯ", "ВОЗРАСТ", "ИГРОВОЙ_НОМЕР", "РОЛЬ", "РЕГИОН") VALUES (616, 503, 'Алексеев Алексей Алексеевич', 20, 2, 'СПОРТСМЕН', 'Санкт-Петербург');
INSERT INTO "УЧАСТНИК" (id, "id_КОМАНДА", "ИМЯ", "ВОЗРАСТ", "ИГРОВОЙ_НОМЕР", "РОЛЬ", "РЕГИОН") VALUES (617, 503, 'Сидоров Сидор Сидорович', 20, 3, 'СПОРТСМЕН', 'Санкт-Петербург');
INSERT INTO "УЧАСТНИК" (id, "id_КОМАНДА", "ИМЯ", "ВОЗРАСТ", "ИГРОВОЙ_НОМЕР", "РОЛЬ", "РЕГИОН") VALUES (618, 503, 'Петров Петр Петрович', 20, 4, 'СПОРТСМЕН', 'Санкт-Петербург');
INSERT INTO "УЧАСТНИК" (id, "id_КОМАНДА", "ИМЯ", "ВОЗРАСТ", "ИГРОВОЙ_НОМЕР", "РОЛЬ", "РЕГИОН") VALUES (619, 503, 'Иванов Иван Иванович', 20, 5, 'СПОРТСМЕН', 'Санкт-Петербург');

/*Проверка на игровой номер*/

INSERT INTO "УЧАСТНИК"(id, "id_КОМАНДА", "ИМЯ", "ВОЗРАСТ", "ИГРОВОЙ_НОМЕР", "РОЛЬ", "РЕГИОН") VALUES (620, 503, 'Александров Александр Александрович', 20, 7, 'СПОРТСМЕН', 'Санкт-Петербург');

INSERT INTO "КОМАНДА_В_МАТЧЕ" ("id_КОМАНДА", "id_МАТЧ") VALUES (500, 400);
INSERT INTO "КОМАНДА_В_МАТЧЕ" ("id_КОМАНДА", "id_МАТЧ") VALUES (501, 400);
INSERT INTO "КОМАНДА_В_МАТЧЕ" ("id_КОМАНДА", "id_МАТЧ") VALUES (502, 401);
INSERT INTO "КОМАНДА_В_МАТЧЕ" ("id_КОМАНДА", "id_МАТЧ") VALUES (503, 401);

/* ТУТ появится предупреждерие */

INSERT INTO "КОМАНДА_В_МАТЧЕ" ("id_КОМАНДА", "id_МАТЧ") VALUES (503, 400);

INSERT INTO "ЭНД"(id, ID_МАТЧА) VALUES (500, 400);
INSERT INTO "ЭНД"(id, ID_МАТЧА) VALUES (501, 400);

INSERT INTO "ЭНД" (id, ID_МАТЧА) VALUES (502, 401);
INSERT INTO "ЭНД" (id, ID_МАТЧА) VALUES (503, 401);

INSERT INTO "БРОСОК"(ID, "id_ИГРОКА", ID_ЭНДА, "РЕЗУЛЬТАТ") VALUES (6073, 600, 500, 1);
INSERT INTO "БРОСОК"(ID, "id_ИГРОКА", ID_ЭНДА, "РЕЗУЛЬТАТ") VALUES (6074, 601, 500, 1);
INSERT INTO "БРОСОК"(ID, "id_ИГРОКА", ID_ЭНДА, "РЕЗУЛЬТАТ") VALUES (6075, 602, 500, 1);
INSERT INTO "БРОСОК"(ID, "id_ИГРОКА", ID_ЭНДА, "РЕЗУЛЬТАТ") VALUES (6076, 603, 500, 1);
INSERT INTO "БРОСОК"(ID, "id_ИГРОКА", ID_ЭНДА, "РЕЗУЛЬТАТ") VALUES (6077, 604, 500, 1);

INSERT INTO "БРОСОК"(ID, "id_ИГРОКА", ID_ЭНДА, "РЕЗУЛЬТАТ") VALUES (6078, 605, 500, 2);
INSERT INTO "БРОСОК"(ID, "id_ИГРОКА", ID_ЭНДА, "РЕЗУЛЬТАТ") VALUES (6079, 606, 500, 2);
INSERT INTO "БРОСОК"(ID, "id_ИГРОКА", ID_ЭНДА, "РЕЗУЛЬТАТ") VALUES (6080, 607, 500, 2);
INSERT INTO "БРОСОК"(ID, "id_ИГРОКА", ID_ЭНДА, "РЕЗУЛЬТАТ") VALUES (6081, 608, 500, 2);
INSERT INTO "БРОСОК"(ID, "id_ИГРОКА", ID_ЭНДА, "РЕЗУЛЬТАТ") VALUES (6082, 609, 500, 2);

INSERT INTO "БРОСОК"(ID, "id_ИГРОКА", ID_ЭНДА, "РЕЗУЛЬТАТ") VALUES (6083, 600, 501, 3);
INSERT INTO "БРОСОК"(ID, "id_ИГРОКА", ID_ЭНДА, "РЕЗУЛЬТАТ") VALUES (6084, 601, 501, 3);
INSERT INTO "БРОСОК"(ID, "id_ИГРОКА", ID_ЭНДА, "РЕЗУЛЬТАТ") VALUES (6085, 602, 501, 3);
INSERT INTO "БРОСОК"(ID, "id_ИГРОКА", ID_ЭНДА, "РЕЗУЛЬТАТ") VALUES (6086, 603, 501, 3);
INSERT INTO "БРОСОК"(ID, "id_ИГРОКА", ID_ЭНДА, "РЕЗУЛЬТАТ") VALUES (6087, 604, 501, 3);

INSERT INTO "БРОСОК"(ID, "id_ИГРОКА", ID_ЭНДА, "РЕЗУЛЬТАТ") VALUES (6088, 605, 501, 4);
INSERT INTO "БРОСОК"(ID, "id_ИГРОКА", ID_ЭНДА, "РЕЗУЛЬТАТ") VALUES (6089, 606, 501, 4);
INSERT INTO "БРОСОК"(ID, "id_ИГРОКА", ID_ЭНДА, "РЕЗУЛЬТАТ") VALUES (6090, 607, 501, 4);
INSERT INTO "БРОСОК"(ID, "id_ИГРОКА", ID_ЭНДА, "РЕЗУЛЬТАТ") VALUES (6091, 608, 501, 4);
INSERT INTO "БРОСОК"(ID, "id_ИГРОКА", ID_ЭНДА, "РЕЗУЛЬТАТ") VALUES (6092, 609, 501, 4);

INSERT INTO "БРОСОК"(ID, "id_ИГРОКА", ID_ЭНДА, "РЕЗУЛЬТАТ") VALUES (6093, 610, 502, 5);
INSERT INTO "БРОСОК"(ID, "id_ИГРОКА", ID_ЭНДА, "РЕЗУЛЬТАТ") VALUES (6094, 611, 502, 5);
INSERT INTO "БРОСОК"(ID, "id_ИГРОКА", ID_ЭНДА, "РЕЗУЛЬТАТ") VALUES (6095, 612, 502, 5);
INSERT INTO "БРОСОК"(ID, "id_ИГРОКА", ID_ЭНДА, "РЕЗУЛЬТАТ") VALUES (6096, 613, 502, 5);
INSERT INTO "БРОСОК"(ID, "id_ИГРОКА", ID_ЭНДА, "РЕЗУЛЬТАТ") VALUES (6097, 614, 502, 5);

INSERT INTO "БРОСОК"(ID, "id_ИГРОКА", ID_ЭНДА, "РЕЗУЛЬТАТ") VALUES (6098, 615, 502, 6);
INSERT INTO "БРОСОК"(ID, "id_ИГРОКА", ID_ЭНДА, "РЕЗУЛЬТАТ") VALUES (6099, 616, 502, 6);
INSERT INTO "БРОСОК"(ID, "id_ИГРОКА", ID_ЭНДА, "РЕЗУЛЬТАТ") VALUES (6100, 617, 502, 6);
INSERT INTO "БРОСОК"(ID, "id_ИГРОКА", ID_ЭНДА, "РЕЗУЛЬТАТ") VALUES (6101, 618, 502, 6);
INSERT INTO "БРОСОК"(ID, "id_ИГРОКА", ID_ЭНДА, "РЕЗУЛЬТАТ") VALUES (6102, 619, 502, 6);

INSERT INTO "БРОСОК"(ID, "id_ИГРОКА", ID_ЭНДА, "РЕЗУЛЬТАТ") VALUES (6103, 610, 503, 7);
INSERT INTO "БРОСОК"(ID, "id_ИГРОКА", ID_ЭНДА, "РЕЗУЛЬТАТ") VALUES (6104, 611, 503, 7);
INSERT INTO "БРОСОК"(ID, "id_ИГРОКА", ID_ЭНДА, "РЕЗУЛЬТАТ") VALUES (6105, 612, 503, 7);
INSERT INTO "БРОСОК"(ID, "id_ИГРОКА", ID_ЭНДА, "РЕЗУЛЬТАТ") VALUES (6106, 613, 503, 7);
INSERT INTO "БРОСОК"(ID, "id_ИГРОКА", ID_ЭНДА, "РЕЗУЛЬТАТ") VALUES (6107, 614, 503, 7);

INSERT INTO "БРОСОК"(ID, "id_ИГРОКА", ID_ЭНДА, "РЕЗУЛЬТАТ") VALUES (6108, 615, 503, 8);
INSERT INTO "БРОСОК"(ID, "id_ИГРОКА", ID_ЭНДА, "РЕЗУЛЬТАТ") VALUES (6109, 616, 503, 8);
INSERT INTO "БРОСОК"(ID, "id_ИГРОКА", ID_ЭНДА, "РЕЗУЛЬТАТ") VALUES (6110, 617, 503, 8);
INSERT INTO "БРОСОК"(ID, "id_ИГРОКА", ID_ЭНДА, "РЕЗУЛЬТАТ") VALUES (6111, 618, 503, 8);
INSERT INTO "БРОСОК"(ID, "id_ИГРОКА", ID_ЭНДА, "РЕЗУЛЬТАТ") VALUES (6112, 619, 503, 8);
INSERT INTO "БРОСОК"(ID, "id_ИГРОКА", ID_ЭНДА, "РЕЗУЛЬТАТ") VALUES (6113, 619, 503, 8);


/* Если хотим узнать победителя матча не офрмленного протокола*/
SELECT * FROM "ОПРЕДЕЛИТЬ_ПОБЕДИТЕЛЯ_МАТЧА"(400);
SELECT * FROM "ОПРЕДЕЛИТЬ_ПОБЕДИТЕЛЯ_МАТЧА"(401);

INSERT INTO "БИЛЕТ"(id, "МЕСТО", ID_МАТЧА, "ПРИВИЛЕГИЯ") VALUES (32399, 1, 400, 'VIP');
INSERT INTO "БИЛЕТ"(id, "МЕСТО", ID_МАТЧА, "ПРИВИЛЕГИЯ") VALUES (32400, 2, 400, 'VIP');

/* Тут появится предупреждение, что стадион переполнен */

INSERT INTO "БИЛЕТ"(id, "МЕСТО", ID_МАТЧА, "ПРИВИЛЕГИЯ") VALUES (32401, 3, 400, 'VIP');

INSERT INTO "ПРОТОКОЛ_МАТЧА"(ID, ID_МАТЧА, "НАЧАЛО_МАТЧА", "КОНЕЦ_МАТЧА", ID_ПОБЕДИТЕЛЯ)
VALUES (400, 400, '2022-12-23', '2022-12-23', 501);
INSERT INTO "ПРОТОКОЛ_МАТЧА"(ID, ID_МАТЧА, "НАЧАЛО_МАТЧА", "КОНЕЦ_МАТЧА", ID_ПОБЕДИТЕЛЯ)
VALUES (401, 401, '2022-12-23', '2022-12-23', 503);

INSERT INTO "РЕГЛАМЕНТ"(id, "ДЕЙСТВУЮЩИЙ", "id_ТУРНИРА", "ДАТА_УТВЕРЖДЕНИЯ") VALUES (200, true, 200, '2022-12-23');

/* Тут утвердится новый регламент, а старому присвоится новое значение, если дата раньше то добавления не произройжет  */

INSERT INTO "РЕГЛАМЕНТ"(id, "ДЕЙСТВУЮЩИЙ", "id_ТУРНИРА", "ДАТА_УТВЕРЖДЕНИЯ") VALUES (201, true, 200, '2022-12-24');
INSERT INTO "РЕГЛАМЕНТ"(id, "ДЕЙСТВУЮЩИЙ", "id_ТУРНИРА", "ДАТА_УТВЕРЖДЕНИЯ") VALUES (201, true, 200, '2022-12-23');




