INSERT INTO "ОРГАНИЗАЦИЯ" ("ОГРН", "НАИМЕНОВАНИЕ_ОРГАНИЗАЦИИ", "ИНН", "КПП", "МЕСТО_НАХОЖДЕНИЯ", "ПОЧТОВЫЙ_АДРЕС") VALUES
(1027806868154, 'УНИВЕРСИТЕТ ИТМО', 7813045547, 781301001, 'г. Санкт-петербург Город, пр-кт Кронверкский, д. 49, литер а',
 '197101, г. Санкт-Петербург, Кронверкский проспект, д.49, лит. А.');

INSERT INTO "СТАДИОН" (ID, "НАИМЕНОВАНИЕ_СТАДИОНА", "КОЛИЧЕСТВО_ПОЛЕЙ", "КОЛИЧЕСТВО_МЕСТ", "АДРЕС", "id_ОРГАНИЗАЦИИ") VALUES
(101, 'ул.Ломоносова, д.9, лит. М', 1, 2, 'ул.Ломоносова, д.9, лит. М', '1027806868154');

INSERT INTO "ТУРНИР" (id, "НАЗВАНИЕ", "ДАТА_НАЧАЛА", "ДАТА_КОНЦА", "ПРИЗОВОЙ_ФОНД", "УРОВЕНЬ_ТУРНИРА", "id_СТАДИОНА") VALUES
(200, 'Спартакида ИТМО по керлингу', '2022-12-23', '2022-12-30', 1000000, 'РЕГИОНАЛЬНЫЙ', 101);

INSERT INTO "ГРУППА"(id, "НОМЕР", "id_ТУРНИРА", "УРОВЕНЬ") VALUES (300, 1, 200, 'ОТБОРОЧНЫЙ');

INSERT INTO "МАТЧ"(ID, "ДАТА_ПРОВЕДЕНИЯ", "id_ГРУППЫ") VALUES (600, '2022-12-23', 300);
INSERT INTO "МАТЧ"(ID, "ДАТА_ПРОВЕДЕНИЯ", "id_ГРУППЫ") VALUES (601, '2022-12-24', 300);


INSERT INTO "КОМАНДА"(ID, "НАЗВАНИЕ", "ГОРОД", "ПОДТВЕРЖДЕНА") VALUES (1000, 'Сборная ИТМО', 'Санкт-Петербург', true);
INSERT INTO "КОМАНДА"(ID, "НАЗВАНИЕ", "ГОРОД", "ПОДТВЕРЖДЕНА") VALUES (1001, 'Сборная ИТМО 2', 'Санкт-Петербург', true);
INSERT INTO "КОМАНДА"(ID, "НАЗВАНИЕ", "ГОРОД", "ПОДТВЕРЖДЕНА") VALUES (1002, 'Сборная ИТМО 3', 'Санкт-Петербург', true);
INSERT INTO "КОМАНДА"(ID, "НАЗВАНИЕ", "ГОРОД", "ПОДТВЕРЖДЕНА") VALUES (1003, 'Сборная ИТМО 4', 'Санкт-Петербург', true);

INSERT INTO "УЧАСТНИК" (id, "id_КОМАНДА", "ИМЯ", "ВОЗРАСТ", "ИГРОВОЙ_НОМЕР", "РОЛЬ", "РЕГИОН") VALUES (600, 1000, 'Иванов Иван Иванович', 20, 1, 'СПОРТСМЕН', 'Санкт-Петербург');
INSERT INTO "УЧАСТНИК" (id, "id_КОМАНДА", "ИМЯ", "ВОЗРАСТ", "ИГРОВОЙ_НОМЕР", "РОЛЬ", "РЕГИОН") VALUES (601, 1000, 'Петров Петр Петрович', 20, 2, 'СПОРТСМЕН', 'Санкт-Петербург');
INSERT INTO "УЧАСТНИК" (id, "id_КОМАНДА", "ИМЯ", "ВОЗРАСТ", "ИГРОВОЙ_НОМЕР", "РОЛЬ", "РЕГИОН") VALUES (602, 1000, 'Сидоров Сидор Сидорович', 20, 3, 'СПОРТСМЕН', 'Санкт-Петербург');
INSERT INTO "УЧАСТНИК" (id, "id_КОМАНДА", "ИМЯ", "ВОЗРАСТ", "ИГРОВОЙ_НОМЕР", "РОЛЬ", "РЕГИОН") VALUES (603, 1000, 'Алексеев Алексей Алексеевич', 20, 4, 'СПОРТСМЕН', 'Санкт-Петербург');
INSERT INTO "УЧАСТНИК" (id, "id_КОМАНДА", "ИМЯ", "ВОЗРАСТ", "ИГРОВОЙ_НОМЕР", "РОЛЬ", "РЕГИОН") VALUES (604, 1000, 'Александров Александр Александрович', 20, 5, 'СПОРТСМЕН', 'Санкт-Петербург');

INSERT INTO "УЧАСТНИК" (id, "id_КОМАНДА", "ИМЯ", "ВОЗРАСТ", "ИГРОВОЙ_НОМЕР", "РОЛЬ", "РЕГИОН") VALUES (605, 1001, 'Александров Александр Александрович', 20, 1, 'СПОРТСМЕН', 'Санкт-Петербург');
INSERT INTO "УЧАСТНИК" (id, "id_КОМАНДА", "ИМЯ", "ВОЗРАСТ", "ИГРОВОЙ_НОМЕР", "РОЛЬ", "РЕГИОН") VALUES (606, 1001, 'Алексеев Алексей Алексеевич', 20, 2, 'СПОРТСМЕН', 'Санкт-Петербург');
INSERT INTO "УЧАСТНИК" (id, "id_КОМАНДА", "ИМЯ", "ВОЗРАСТ", "ИГРОВОЙ_НОМЕР", "РОЛЬ", "РЕГИОН") VALUES (607, 1001, 'Сидоров Сидор Сидорович', 20, 3, 'СПОРТСМЕН', 'Санкт-Петербург');
INSERT INTO "УЧАСТНИК" (id, "id_КОМАНДА", "ИМЯ", "ВОЗРАСТ", "ИГРОВОЙ_НОМЕР", "РОЛЬ", "РЕГИОН") VALUES (608, 1001, 'Петров Петр Петрович', 20, 4, 'СПОРТСМЕН', 'Санкт-Петербург');
INSERT INTO "УЧАСТНИК" (id, "id_КОМАНДА", "ИМЯ", "ВОЗРАСТ", "ИГРОВОЙ_НОМЕР", "РОЛЬ", "РЕГИОН") VALUES (609, 1001, 'Иванов Иван Иванович', 20, 5, 'СПОРТСМЕН', 'Санкт-Петербург');

INSERT INTO "УЧАСТНИК" (id, "id_КОМАНДА", "ИМЯ", "ВОЗРАСТ", "ИГРОВОЙ_НОМЕР", "РОЛЬ", "РЕГИОН") VALUES (610, 1002, 'Иванов Иван Иванович', 20, 1, 'СПОРТСМЕН', 'Санкт-Петербург');
INSERT INTO "УЧАСТНИК" (id, "id_КОМАНДА", "ИМЯ", "ВОЗРАСТ", "ИГРОВОЙ_НОМЕР", "РОЛЬ", "РЕГИОН") VALUES (611, 1002, 'Петров Петр Петрович', 20, 2, 'СПОРТСМЕН', 'Санкт-Петербург');
INSERT INTO "УЧАСТНИК" (id, "id_КОМАНДА", "ИМЯ", "ВОЗРАСТ", "ИГРОВОЙ_НОМЕР", "РОЛЬ", "РЕГИОН") VALUES (612, 1002, 'Сидоров Сидор Сидорович', 20, 3, 'СПОРТСМЕН', 'Санкт-Петербург');
INSERT INTO "УЧАСТНИК" (id, "id_КОМАНДА", "ИМЯ", "ВОЗРАСТ", "ИГРОВОЙ_НОМЕР", "РОЛЬ", "РЕГИОН") VALUES (613, 1002, 'Алексеев Алексей Алексеевич', 20, 4, 'СПОРТСМЕН', 'Санкт-Петербург');
INSERT INTO "УЧАСТНИК" (id, "id_КОМАНДА", "ИМЯ", "ВОЗРАСТ", "ИГРОВОЙ_НОМЕР", "РОЛЬ", "РЕГИОН") VALUES (614, 1002, 'Александров Александр Александрович', 20, 5, 'СПОРТСМЕН', 'Санкт-Петербург');

INSERT INTO "УЧАСТНИК" (id, "id_КОМАНДА", "ИМЯ", "ВОЗРАСТ", "ИГРОВОЙ_НОМЕР", "РОЛЬ", "РЕГИОН") VALUES (615, 1003, 'Александров Александр Александрович', 20, 1, 'СПОРТСМЕН', 'Санкт-Петербург');
INSERT INTO "УЧАСТНИК" (id, "id_КОМАНДА", "ИМЯ", "ВОЗРАСТ", "ИГРОВОЙ_НОМЕР", "РОЛЬ", "РЕГИОН") VALUES (616, 1003, 'Алексеев Алексей Алексеевич', 20, 2, 'СПОРТСМЕН', 'Санкт-Петербург');
INSERT INTO "УЧАСТНИК" (id, "id_КОМАНДА", "ИМЯ", "ВОЗРАСТ", "ИГРОВОЙ_НОМЕР", "РОЛЬ", "РЕГИОН") VALUES (617, 1003, 'Сидоров Сидор Сидорович', 20, 3, 'СПОРТСМЕН', 'Санкт-Петербург');
INSERT INTO "УЧАСТНИК" (id, "id_КОМАНДА", "ИМЯ", "ВОЗРАСТ", "ИГРОВОЙ_НОМЕР", "РОЛЬ", "РЕГИОН") VALUES (618, 1003, 'Петров Петр Петрович', 20, 4, 'СПОРТСМЕН', 'Санкт-Петербург');
INSERT INTO "УЧАСТНИК" (id, "id_КОМАНДА", "ИМЯ", "ВОЗРАСТ", "ИГРОВОЙ_НОМЕР", "РОЛЬ", "РЕГИОН") VALUES (619, 1003, 'Иванов Иван Иванович', 20, 5, 'СПОРТСМЕН', 'Санкт-Петербург');

/*Проверка на игровой номер*/

INSERT INTO "УЧАСТНИК"(id, "id_КОМАНДА", "ИМЯ", "ВОЗРАСТ", "ИГРОВОЙ_НОМЕР", "РОЛЬ", "РЕГИОН") VALUES (620, 1003, 'Александров Александр Александрович', 20, 7, 'СПОРТСМЕН', 'Санкт-Петербург');

INSERT INTO "КОМАНДА_В_МАТЧЕ" ("id_КОМАНДА", "id_МАТЧ") VALUES (1000, 600);
INSERT INTO "КОМАНДА_В_МАТЧЕ" ("id_КОМАНДА", "id_МАТЧ") VALUES (1001, 600);
INSERT INTO "КОМАНДА_В_МАТЧЕ" ("id_КОМАНДА", "id_МАТЧ") VALUES (1002, 601);
INSERT INTO "КОМАНДА_В_МАТЧЕ" ("id_КОМАНДА", "id_МАТЧ") VALUES (1003, 601);

/* ТУТ появится предупреждерие */

INSERT INTO "КОМАНДА_В_МАТЧЕ" ("id_КОМАНДА", "id_МАТЧ") VALUES (1003, 600);

INSERT INTO "ЭНД"(id, ID_МАТЧА) VALUES (5000, 600);
INSERT INTO "ЭНД"(id, ID_МАТЧА) VALUES (5001, 600);

INSERT INTO "ЭНД" (id, ID_МАТЧА) VALUES (5002, 601);
INSERT INTO "ЭНД" (id, ID_МАТЧА) VALUES (5003, 601);

INSERT INTO "БРОСОК"(ID, "id_ИГРОКА", ID_ЭНДА, "РЕЗУЛЬТАТ") VALUES (6073, 600, 5000, 1);
INSERT INTO "БРОСОК"(ID, "id_ИГРОКА", ID_ЭНДА, "РЕЗУЛЬТАТ") VALUES (6074, 601, 5000, 1);
INSERT INTO "БРОСОК"(ID, "id_ИГРОКА", ID_ЭНДА, "РЕЗУЛЬТАТ") VALUES (6075, 602, 5000, 1);
INSERT INTO "БРОСОК"(ID, "id_ИГРОКА", ID_ЭНДА, "РЕЗУЛЬТАТ") VALUES (6076, 603, 5000, 1);
INSERT INTO "БРОСОК"(ID, "id_ИГРОКА", ID_ЭНДА, "РЕЗУЛЬТАТ") VALUES (6077, 604, 5000, 1);

INSERT INTO "БРОСОК"(ID, "id_ИГРОКА", ID_ЭНДА, "РЕЗУЛЬТАТ") VALUES (6078, 605, 5000, 2);
INSERT INTO "БРОСОК"(ID, "id_ИГРОКА", ID_ЭНДА, "РЕЗУЛЬТАТ") VALUES (6079, 606, 5000, 2);
INSERT INTO "БРОСОК"(ID, "id_ИГРОКА", ID_ЭНДА, "РЕЗУЛЬТАТ") VALUES (6080, 607, 5000, 2);
INSERT INTO "БРОСОК"(ID, "id_ИГРОКА", ID_ЭНДА, "РЕЗУЛЬТАТ") VALUES (6081, 608, 5000, 2);
INSERT INTO "БРОСОК"(ID, "id_ИГРОКА", ID_ЭНДА, "РЕЗУЛЬТАТ") VALUES (6082, 609, 5000, 2);

INSERT INTO "БРОСОК"(ID, "id_ИГРОКА", ID_ЭНДА, "РЕЗУЛЬТАТ") VALUES (6083, 600, 5001, 3);
INSERT INTO "БРОСОК"(ID, "id_ИГРОКА", ID_ЭНДА, "РЕЗУЛЬТАТ") VALUES (6084, 601, 5001, 3);
INSERT INTO "БРОСОК"(ID, "id_ИГРОКА", ID_ЭНДА, "РЕЗУЛЬТАТ") VALUES (6085, 602, 5001, 3);
INSERT INTO "БРОСОК"(ID, "id_ИГРОКА", ID_ЭНДА, "РЕЗУЛЬТАТ") VALUES (6086, 603, 5001, 3);
INSERT INTO "БРОСОК"(ID, "id_ИГРОКА", ID_ЭНДА, "РЕЗУЛЬТАТ") VALUES (6087, 604, 5001, 3);

INSERT INTO "БРОСОК"(ID, "id_ИГРОКА", ID_ЭНДА, "РЕЗУЛЬТАТ") VALUES (6088, 605, 5001, 4);
INSERT INTO "БРОСОК"(ID, "id_ИГРОКА", ID_ЭНДА, "РЕЗУЛЬТАТ") VALUES (6089, 606, 5001, 4);
INSERT INTO "БРОСОК"(ID, "id_ИГРОКА", ID_ЭНДА, "РЕЗУЛЬТАТ") VALUES (6090, 607, 5001, 4);
INSERT INTO "БРОСОК"(ID, "id_ИГРОКА", ID_ЭНДА, "РЕЗУЛЬТАТ") VALUES (6091, 608, 5001, 4);
INSERT INTO "БРОСОК"(ID, "id_ИГРОКА", ID_ЭНДА, "РЕЗУЛЬТАТ") VALUES (6092, 609, 5001, 4);

INSERT INTO "БРОСОК"(ID, "id_ИГРОКА", ID_ЭНДА, "РЕЗУЛЬТАТ") VALUES (6093, 610, 5002, 5);
INSERT INTO "БРОСОК"(ID, "id_ИГРОКА", ID_ЭНДА, "РЕЗУЛЬТАТ") VALUES (6094, 611, 5002, 5);
INSERT INTO "БРОСОК"(ID, "id_ИГРОКА", ID_ЭНДА, "РЕЗУЛЬТАТ") VALUES (6095, 612, 5002, 5);
INSERT INTO "БРОСОК"(ID, "id_ИГРОКА", ID_ЭНДА, "РЕЗУЛЬТАТ") VALUES (6096, 613, 5002, 5);
INSERT INTO "БРОСОК"(ID, "id_ИГРОКА", ID_ЭНДА, "РЕЗУЛЬТАТ") VALUES (6097, 614, 5002, 5);

INSERT INTO "БРОСОК"(ID, "id_ИГРОКА", ID_ЭНДА, "РЕЗУЛЬТАТ") VALUES (6098, 615, 5002, 6);
INSERT INTO "БРОСОК"(ID, "id_ИГРОКА", ID_ЭНДА, "РЕЗУЛЬТАТ") VALUES (6099, 616, 5002, 6);
INSERT INTO "БРОСОК"(ID, "id_ИГРОКА", ID_ЭНДА, "РЕЗУЛЬТАТ") VALUES (6100, 617, 5002, 6);
INSERT INTO "БРОСОК"(ID, "id_ИГРОКА", ID_ЭНДА, "РЕЗУЛЬТАТ") VALUES (6101, 618, 5002, 6);
INSERT INTO "БРОСОК"(ID, "id_ИГРОКА", ID_ЭНДА, "РЕЗУЛЬТАТ") VALUES (6102, 619, 5002, 6);

INSERT INTO "БРОСОК"(ID, "id_ИГРОКА", ID_ЭНДА, "РЕЗУЛЬТАТ") VALUES (6103, 610, 5003, 7);
INSERT INTO "БРОСОК"(ID, "id_ИГРОКА", ID_ЭНДА, "РЕЗУЛЬТАТ") VALUES (6104, 611, 5003, 7);
INSERT INTO "БРОСОК"(ID, "id_ИГРОКА", ID_ЭНДА, "РЕЗУЛЬТАТ") VALUES (6105, 612, 5003, 7);
INSERT INTO "БРОСОК"(ID, "id_ИГРОКА", ID_ЭНДА, "РЕЗУЛЬТАТ") VALUES (6106, 613, 5003, 7);
INSERT INTO "БРОСОК"(ID, "id_ИГРОКА", ID_ЭНДА, "РЕЗУЛЬТАТ") VALUES (6107, 614, 5003, 7);

INSERT INTO "БРОСОК"(ID, "id_ИГРОКА", ID_ЭНДА, "РЕЗУЛЬТАТ") VALUES (6108, 615, 5003, 8);
INSERT INTO "БРОСОК"(ID, "id_ИГРОКА", ID_ЭНДА, "РЕЗУЛЬТАТ") VALUES (6109, 616, 5003, 8);
INSERT INTO "БРОСОК"(ID, "id_ИГРОКА", ID_ЭНДА, "РЕЗУЛЬТАТ") VALUES (6110, 617, 5003, 8);
INSERT INTO "БРОСОК"(ID, "id_ИГРОКА", ID_ЭНДА, "РЕЗУЛЬТАТ") VALUES (6111, 618, 5003, 8);
INSERT INTO "БРОСОК"(ID, "id_ИГРОКА", ID_ЭНДА, "РЕЗУЛЬТАТ") VALUES (6112, 619, 5003, 8);
INSERT INTO "БРОСОК"(ID, "id_ИГРОКА", ID_ЭНДА, "РЕЗУЛЬТАТ") VALUES (6113, 619, 5003, 8);


/* Если хотим узнать победителя матча не офрмленного протокола*/
SELECT * FROM "ОПРЕДЕЛИТЬ_ПОБЕДИТЕЛЯ_МАТЧА"(600);
SELECT * FROM "ОПРЕДЕЛИТЬ_ПОБЕДИТЕЛЯ_МАТЧА"(601);

INSERT INTO "БИЛЕТ"(id, "МЕСТО", ID_МАТЧА, "ПРИВИЛЕГИЯ") VALUES (32399, 1, 600, 'VIP');
INSERT INTO "БИЛЕТ"(id, "МЕСТО", ID_МАТЧА, "ПРИВИЛЕГИЯ") VALUES (32400, 2, 600, 'VIP');

/* Тут появится предупреждение, что стадион переполнен */

INSERT INTO "БИЛЕТ"(id, "МЕСТО", ID_МАТЧА, "ПРИВИЛЕГИЯ") VALUES (32401, 3, 600, 'VIP');

INSERT INTO "ПРОТОКОЛ_МАТЧА"(ID, ID_МАТЧА, "НАЧАЛО_МАТЧА", "КОНЕЦ_МАТЧА", ID_ПОБЕДИТЕЛЯ)
VALUES (600, 600, '2022-12-23', '2022-12-23', 1001);
INSERT INTO "ПРОТОКОЛ_МАТЧА"(ID, ID_МАТЧА, "НАЧАЛО_МАТЧА", "КОНЕЦ_МАТЧА", ID_ПОБЕДИТЕЛЯ)
VALUES (601, 601, '2022-12-23', '2022-12-23', 1003);

INSERT INTO "РЕГЛАМЕНТ"(id, "ДЕЙСТВУЮЩИЙ", "id_ТУРНИРА", "ДАТА_УТВЕРЖДЕНИЯ") VALUES (200, true, 200, '2022-12-23');

/* Тут утвердится новый регламент, а старому присвоится новое значение, если дата раньше то добавления не произройжет  */

INSERT INTO "РЕГЛАМЕНТ"(id, "ДЕЙСТВУЮЩИЙ", "id_ТУРНИРА", "ДАТА_УТВЕРЖДЕНИЯ") VALUES (201, true, 200, '2022-12-24');
INSERT INTO "РЕГЛАМЕНТ"(id, "ДЕЙСТВУЮЩИЙ", "id_ТУРНИРА", "ДАТА_УТВЕРЖДЕНИЯ") VALUES (201, true, 200, '2022-12-23');




